{"cameraMode":{"drawMode":0,"name":"Shaded","section":"Shading Mode"},"sceneLighting":true,"audioPlay":false,"sceneViewState":{"m_AlwaysRefresh":false,"showFog":true,"showSkybox":true,"showFlares":true,"showImageEffects":true,"showParticleSystems":true,"showVisualEffectGraphs":true,"m_FxEnabled":false},"in2DMode":false,"pivot":{"x":7.829036712646484,"y":2.4188926219940187,"z":-7.959481239318848},"rotation":{"x":0.06442845612764359,"y":0.028436439111828805,"z":-0.0018472992815077305,"w":0.9975115060806274},"size":6.257055282592773,"orthographic":false}