{"cameraMode":{"drawMode":0,"name":"Shaded","section":"Shading Mode"},"sceneLighting":true,"audioPlay":false,"sceneViewState":{"m_AlwaysRefresh":false,"showFog":true,"showSkybox":true,"showFlares":true,"showImageEffects":true,"showParticleSystems":true,"showVisualEffectGraphs":true,"m_FxEnabled":true},"in2DMode":false,"pivot":{"x":-3.8132405281066896,"y":9.246532440185547,"z":-25.98735237121582},"rotation":{"x":-0.01230690348893404,"y":0.02009330503642559,"z":-0.0002294909063493833,"w":-0.9997048377990723},"size":4.761231422424316,"orthographic":false}